<?xml version="1.0"?>
<doc>
    <assembly>
        <name>ParkyAPI</name>
    </assembly>
    <members>
        <member name="M:ParkyAPI.Controllers.NationalParksController.GetNationalParks">
            <summary>
            Get List Of National Park
            </summary>
            <returns></returns>
        </member>
        <member name="M:ParkyAPI.Controllers.NationalParksController.GetNationalPark(System.Int32)">
            <summary>
            
            </summary>
            <param name="nationalParkId"> The Id Of the National Park</param>
            <returns></returns>
        </member>
        <member name="M:ParkyAPI.Controllers.NationalParksV2Controller.GetNationalParks">
            <summary>
            Get list of national parks.
            </summary>
            <returns></returns>
        </member>
        <member name="M:ParkyAPI.Controllers.TrailsController.GetTrails">
            <summary>
            Get List Of Trail
            </summary>
            <returns></returns>
        </member>
        <member name="M:ParkyAPI.Controllers.TrailsController.GetTrail(System.Int32)">
            <summary>
            
            </summary>
            <param name="trailId"> The Id Of the Trail </param>
            <returns></returns>
        </member>
    </members>
</doc>
